{
  "attributes": {
    "window_transform": "[-54.70012444907751, 0.0002694945852358564, 0.0, -24.69998722062195, 0.0, -0.0002694945852358564]",
    "crs": "EPSG:4326",
    "height": 3710,
    "width": 3711,
    "bounds": [
      -54.70012444907751,
      -25.699812131846976,
      -53.70003004326724,
      -24.69998722062195
    ],
    "lat_range": [
      -25.7,
      -24.7
    ],
    "lon_range": [
      -54.7,
      -53.7
    ]
  },
  "zarr_format": 3,
  "consolidated_metadata": null,
  "node_type": "group"
}