{
  "attributes": {
    "window_transform": "[-39.90002081709474, 0.0002694945852358564, 0.0, -16.199858507697797, 0.0, -0.0002694945852358564]",
    "crs": "EPSG:4326",
    "height": 3711,
    "width": 3710,
    "bounds": [
      -39.90002081709474,
      -17.199952913508064,
      -38.900195905869715,
      -16.199858507697797
    ],
    "lat_range": [
      -17.2,
      -16.2
    ],
    "lon_range": [
      -39.9,
      -38.9
    ]
  },
  "zarr_format": 3,
  "consolidated_metadata": null,
  "node_type": "group"
}