{
  "attributes": {
    "window_transform": "[-49.70019140919666, 0.0002694945852358564, 0.0, -24.999934693989452, 0.0, -0.0002694945852358564]",
    "crs": "EPSG:4326",
    "height": 3710,
    "width": 3711,
    "bounds": [
      -49.70019140919666,
      -25.99975960521448,
      -48.7000970033864,
      -24.999934693989452
    ],
    "lat_range": [
      -26,
      -25
    ],
    "lon_range": [
      -49.7,
      -48.7
    ]
  },
  "zarr_format": 3,
  "consolidated_metadata": null,
  "node_type": "group"
}