{
  "attributes": {
    "window_transform": "[-44.00011143687306, 0.0002694945852358564, 0.0, -18.999907248298346, 0.0, -0.0002694945852358564]",
    "crs": "EPSG:4326",
    "height": 18553,
    "width": 18553,
    "bounds": [
      -44.00011143687306,
      -23.99984028817919,
      -39.00017839699222,
      -18.999907248298346
    ],
    "lat_range": [
      -24,
      -19
    ],
    "lon_range": [
      -44,
      -39
    ]
  },
  "zarr_format": 3,
  "consolidated_metadata": null,
  "node_type": "group"
}