{
  "attributes": {
    "window_transform": "[-46.200265230738594, 0.0002694945852358564, 0.0, -5.499845495493356, 0.0, -0.0002694945852358564]",
    "crs": "EPSG:4326",
    "height": 3711,
    "width": 3711,
    "bounds": [
      -46.200265230738594,
      -6.4999399013036205,
      -45.20017082492833,
      -5.499845495493356
    ],
    "lat_range": [
      -6.5,
      -5.5
    ],
    "lon_range": [
      -46.2,
      -45.2
    ]
  },
  "zarr_format": 3,
  "consolidated_metadata": null,
  "node_type": "group"
}